{
    "prepare_queue": {
        "installed": [],
        "uninstalled": []
    },
    "config_munge": {
        "files": {
            "res/xml/config.xml": {
                "parents": {
                    "/*": [
                        {
                            "xml": "<feature name=\"Battery\"><param name=\"android-package\" value=\"org.apache.cordova.batterystatus.BatteryListener\" /></feature>",
                            "count": 1
                        },
                        {
                            "xml": "<feature name=\"Camera\"><param name=\"android-package\" value=\"org.apache.cordova.camera.CameraLauncher\" /></feature>",
                            "count": 1
                        },
                        {
                            "xml": "<feature name=\"Contacts\"><param name=\"android-package\" value=\"org.apache.cordova.contacts.ContactManager\" /></feature>",
                            "count": 1
                        },
                        {
                            "xml": "<feature name=\"Device\"><param name=\"android-package\" value=\"org.apache.cordova.device.Device\" /></feature>",
                            "count": 1
                        },
                        {
                            "xml": "<feature name=\"Accelerometer\"><param name=\"android-package\" value=\"org.apache.cordova.devicemotion.AccelListener\" /></feature>",
                            "count": 1
                        },
                        {
                            "xml": "<feature name=\"Compass\"><param name=\"android-package\" value=\"org.apache.cordova.deviceorientation.CompassListener\" /></feature>",
                            "count": 1
                        },
                        {
                            "xml": "<feature name=\"Notification\"><param name=\"android-package\" value=\"org.apache.cordova.dialogs.Notification\" /></feature>",
                            "count": 1
                        },
                        {
                            "xml": "<feature name=\"File\"><param name=\"android-package\" value=\"org.apache.cordova.file.FileUtils\" /><param name=\"onload\" value=\"true\" /></feature>",
                            "count": 1
                        },
                        {
                            "xml": "<allow-navigation href=\"cdvfile:*\" />",
                            "count": 1
                        },
                        {
                            "xml": "<feature name=\"FileTransfer\"><param name=\"android-package\" value=\"org.apache.cordova.filetransfer.FileTransfer\" /></feature>",
                            "count": 1
                        },
                        {
                            "xml": "<feature name=\"Geolocation\"><param name=\"android-package\" value=\"org.apache.cordova.geolocation.Geolocation\" /></feature>",
                            "count": 1
                        },
                        {
                            "xml": "<feature name=\"Globalization\"><param name=\"android-package\" value=\"org.apache.cordova.globalization.Globalization\" /></feature>",
                            "count": 1
                        },
                        {
                            "xml": "<feature name=\"InAppBrowser\"><param name=\"android-package\" value=\"org.apache.cordova.inappbrowser.InAppBrowser\" /></feature>",
                            "count": 1
                        }
                    ]
                }
            },
            "AndroidManifest.xml": {
                "parents": {
                    "/*": [
                        {
                            "xml": "<uses-permission android:name=\"android.permission.WRITE_EXTERNAL_STORAGE\" />",
                            "count": 3
                        },
                        {
                            "xml": "<uses-permission android:name=\"android.permission.READ_CONTACTS\" />",
                            "count": 1
                        },
                        {
                            "xml": "<uses-permission android:name=\"android.permission.WRITE_CONTACTS\" />",
                            "count": 1
                        },
                        {
                            "xml": "<uses-permission android:name=\"android.permission.GET_ACCOUNTS\" />",
                            "count": 1
                        },
                        {
                            "xml": "<uses-permission android:name=\"android.permission.ACCESS_COARSE_LOCATION\" />",
                            "count": 2
                        },
                        {
                            "xml": "<uses-permission android:name=\"android.permission.ACCESS_FINE_LOCATION\" />",
                            "count": 2
                        }
                    ]
                }
            }
        }
    },
    "installed_plugins": {
        "cordova-plugin-battery-status": {
            "PACKAGE_NAME": "com.phonegap.capacitar"
        },
        "cordova-plugin-camera": {
            "PACKAGE_NAME": "com.phonegap.capacitar"
        },
        "cordova-plugin-console": {
            "PACKAGE_NAME": "com.phonegap.capacitar"
        },
        "cordova-plugin-contacts": {
            "PACKAGE_NAME": "com.phonegap.capacitar"
        },
        "cordova-plugin-device": {
            "PACKAGE_NAME": "com.phonegap.capacitar"
        },
        "cordova-plugin-device-motion": {
            "PACKAGE_NAME": "com.phonegap.capacitar"
        },
        "cordova-plugin-device-orientation": {
            "PACKAGE_NAME": "com.phonegap.capacitar"
        },
        "cordova-plugin-dialogs": {
            "PACKAGE_NAME": "com.phonegap.capacitar"
        },
        "cordova-plugin-file": {
            "PACKAGE_NAME": "com.phonegap.capacitar"
        },
        "cordova-plugin-file-transfer": {
            "PACKAGE_NAME": "com.phonegap.capacitar"
        },
        "cordova-plugin-geolocation": {
            "PACKAGE_NAME": "com.phonegap.capacitar"
        },
        "cordova-plugin-globalization": {
            "PACKAGE_NAME": "com.phonegap.capacitar"
        },
        "cordova-plugin-inappbrowser": {
            "PACKAGE_NAME": "com.phonegap.capacitar"
        }
    },
    "dependent_plugins": {},
    "modules": [
        {
            "id": "cordova-plugin-battery-status.battery",
            "file": "plugins/cordova-plugin-battery-status/www/battery.js",
            "pluginId": "cordova-plugin-battery-status",
            "clobbers": [
                "navigator.battery"
            ]
        },
        {
            "id": "cordova-plugin-camera.Camera",
            "file": "plugins/cordova-plugin-camera/www/CameraConstants.js",
            "pluginId": "cordova-plugin-camera",
            "clobbers": [
                "Camera"
            ]
        },
        {
            "id": "cordova-plugin-camera.CameraPopoverOptions",
            "file": "plugins/cordova-plugin-camera/www/CameraPopoverOptions.js",
            "pluginId": "cordova-plugin-camera",
            "clobbers": [
                "CameraPopoverOptions"
            ]
        },
        {
            "id": "cordova-plugin-camera.camera",
            "file": "plugins/cordova-plugin-camera/www/Camera.js",
            "pluginId": "cordova-plugin-camera",
            "clobbers": [
                "navigator.camera"
            ]
        },
        {
            "id": "cordova-plugin-camera.CameraPopoverHandle",
            "file": "plugins/cordova-plugin-camera/www/CameraPopoverHandle.js",
            "pluginId": "cordova-plugin-camera",
            "clobbers": [
                "CameraPopoverHandle"
            ]
        },
        {
            "id": "cordova-plugin-contacts.contacts",
            "file": "plugins/cordova-plugin-contacts/www/contacts.js",
            "pluginId": "cordova-plugin-contacts",
            "clobbers": [
                "navigator.contacts"
            ]
        },
        {
            "id": "cordova-plugin-contacts.Contact",
            "file": "plugins/cordova-plugin-contacts/www/Contact.js",
            "pluginId": "cordova-plugin-contacts",
            "clobbers": [
                "Contact"
            ]
        },
        {
            "id": "cordova-plugin-contacts.ContactAddress",
            "file": "plugins/cordova-plugin-contacts/www/ContactAddress.js",
            "pluginId": "cordova-plugin-contacts",
            "clobbers": [
                "ContactAddress"
            ]
        },
        {
            "id": "cordova-plugin-contacts.ContactError",
            "file": "plugins/cordova-plugin-contacts/www/ContactError.js",
            "pluginId": "cordova-plugin-contacts",
            "clobbers": [
                "ContactError"
            ]
        },
        {
            "id": "cordova-plugin-contacts.ContactField",
            "file": "plugins/cordova-plugin-contacts/www/ContactField.js",
            "pluginId": "cordova-plugin-contacts",
            "clobbers": [
                "ContactField"
            ]
        },
        {
            "id": "cordova-plugin-contacts.ContactFindOptions",
            "file": "plugins/cordova-plugin-contacts/www/ContactFindOptions.js",
            "pluginId": "cordova-plugin-contacts",
            "clobbers": [
                "ContactFindOptions"
            ]
        },
        {
            "id": "cordova-plugin-contacts.ContactName",
            "file": "plugins/cordova-plugin-contacts/www/ContactName.js",
            "pluginId": "cordova-plugin-contacts",
            "clobbers": [
                "ContactName"
            ]
        },
        {
            "id": "cordova-plugin-contacts.ContactOrganization",
            "file": "plugins/cordova-plugin-contacts/www/ContactOrganization.js",
            "pluginId": "cordova-plugin-contacts",
            "clobbers": [
                "ContactOrganization"
            ]
        },
        {
            "id": "cordova-plugin-contacts.ContactFieldType",
            "file": "plugins/cordova-plugin-contacts/www/ContactFieldType.js",
            "pluginId": "cordova-plugin-contacts",
            "merges": [
                ""
            ]
        },
        {
            "id": "cordova-plugin-device.device",
            "file": "plugins/cordova-plugin-device/www/device.js",
            "pluginId": "cordova-plugin-device",
            "clobbers": [
                "device"
            ]
        },
        {
            "id": "cordova-plugin-device-motion.Acceleration",
            "file": "plugins/cordova-plugin-device-motion/www/Acceleration.js",
            "pluginId": "cordova-plugin-device-motion",
            "clobbers": [
                "Acceleration"
            ]
        },
        {
            "id": "cordova-plugin-device-motion.accelerometer",
            "file": "plugins/cordova-plugin-device-motion/www/accelerometer.js",
            "pluginId": "cordova-plugin-device-motion",
            "clobbers": [
                "navigator.accelerometer"
            ]
        },
        {
            "id": "cordova-plugin-device-orientation.CompassError",
            "file": "plugins/cordova-plugin-device-orientation/www/CompassError.js",
            "pluginId": "cordova-plugin-device-orientation",
            "clobbers": [
                "CompassError"
            ]
        },
        {
            "id": "cordova-plugin-device-orientation.CompassHeading",
            "file": "plugins/cordova-plugin-device-orientation/www/CompassHeading.js",
            "pluginId": "cordova-plugin-device-orientation",
            "clobbers": [
                "CompassHeading"
            ]
        },
        {
            "id": "cordova-plugin-device-orientation.compass",
            "file": "plugins/cordova-plugin-device-orientation/www/compass.js",
            "pluginId": "cordova-plugin-device-orientation",
            "clobbers": [
                "navigator.compass"
            ]
        },
        {
            "id": "cordova-plugin-dialogs.notification",
            "file": "plugins/cordova-plugin-dialogs/www/notification.js",
            "pluginId": "cordova-plugin-dialogs",
            "merges": [
                "navigator.notification"
            ]
        },
        {
            "id": "cordova-plugin-dialogs.notification_android",
            "file": "plugins/cordova-plugin-dialogs/www/android/notification.js",
            "pluginId": "cordova-plugin-dialogs",
            "merges": [
                "navigator.notification"
            ]
        },
        {
            "id": "cordova-plugin-file.DirectoryEntry",
            "file": "plugins/cordova-plugin-file/www/DirectoryEntry.js",
            "pluginId": "cordova-plugin-file",
            "clobbers": [
                "window.DirectoryEntry"
            ]
        },
        {
            "id": "cordova-plugin-file.DirectoryReader",
            "file": "plugins/cordova-plugin-file/www/DirectoryReader.js",
            "pluginId": "cordova-plugin-file",
            "clobbers": [
                "window.DirectoryReader"
            ]
        },
        {
            "id": "cordova-plugin-file.Entry",
            "file": "plugins/cordova-plugin-file/www/Entry.js",
            "pluginId": "cordova-plugin-file",
            "clobbers": [
                "window.Entry"
            ]
        },
        {
            "id": "cordova-plugin-file.File",
            "file": "plugins/cordova-plugin-file/www/File.js",
            "pluginId": "cordova-plugin-file",
            "clobbers": [
                "window.File"
            ]
        },
        {
            "id": "cordova-plugin-file.FileEntry",
            "file": "plugins/cordova-plugin-file/www/FileEntry.js",
            "pluginId": "cordova-plugin-file",
            "clobbers": [
                "window.FileEntry"
            ]
        },
        {
            "id": "cordova-plugin-file.FileError",
            "file": "plugins/cordova-plugin-file/www/FileError.js",
            "pluginId": "cordova-plugin-file",
            "clobbers": [
                "window.FileError"
            ]
        },
        {
            "id": "cordova-plugin-file.FileReader",
            "file": "plugins/cordova-plugin-file/www/FileReader.js",
            "pluginId": "cordova-plugin-file",
            "clobbers": [
                "window.FileReader"
            ]
        },
        {
            "id": "cordova-plugin-file.FileSystem",
            "file": "plugins/cordova-plugin-file/www/FileSystem.js",
            "pluginId": "cordova-plugin-file",
            "clobbers": [
                "window.FileSystem"
            ]
        },
        {
            "id": "cordova-plugin-file.FileUploadOptions",
            "file": "plugins/cordova-plugin-file/www/FileUploadOptions.js",
            "pluginId": "cordova-plugin-file",
            "clobbers": [
                "window.FileUploadOptions"
            ]
        },
        {
            "id": "cordova-plugin-file.FileUploadResult",
            "file": "plugins/cordova-plugin-file/www/FileUploadResult.js",
            "pluginId": "cordova-plugin-file",
            "clobbers": [
                "window.FileUploadResult"
            ]
        },
        {
            "id": "cordova-plugin-file.FileWriter",
            "file": "plugins/cordova-plugin-file/www/FileWriter.js",
            "pluginId": "cordova-plugin-file",
            "clobbers": [
                "window.FileWriter"
            ]
        },
        {
            "id": "cordova-plugin-file.Flags",
            "file": "plugins/cordova-plugin-file/www/Flags.js",
            "pluginId": "cordova-plugin-file",
            "clobbers": [
                "window.Flags"
            ]
        },
        {
            "id": "cordova-plugin-file.LocalFileSystem",
            "file": "plugins/cordova-plugin-file/www/LocalFileSystem.js",
            "pluginId": "cordova-plugin-file",
            "clobbers": [
                "window.LocalFileSystem"
            ],
            "merges": [
                "window"
            ]
        },
        {
            "id": "cordova-plugin-file.Metadata",
            "file": "plugins/cordova-plugin-file/www/Metadata.js",
            "pluginId": "cordova-plugin-file",
            "clobbers": [
                "window.Metadata"
            ]
        },
        {
            "id": "cordova-plugin-file.ProgressEvent",
            "file": "plugins/cordova-plugin-file/www/ProgressEvent.js",
            "pluginId": "cordova-plugin-file",
            "clobbers": [
                "window.ProgressEvent"
            ]
        },
        {
            "id": "cordova-plugin-file.fileSystems",
            "file": "plugins/cordova-plugin-file/www/fileSystems.js",
            "pluginId": "cordova-plugin-file"
        },
        {
            "id": "cordova-plugin-file.requestFileSystem",
            "file": "plugins/cordova-plugin-file/www/requestFileSystem.js",
            "pluginId": "cordova-plugin-file",
            "clobbers": [
                "window.requestFileSystem"
            ]
        },
        {
            "id": "cordova-plugin-file.resolveLocalFileSystemURI",
            "file": "plugins/cordova-plugin-file/www/resolveLocalFileSystemURI.js",
            "pluginId": "cordova-plugin-file",
            "merges": [
                "window"
            ]
        },
        {
            "id": "cordova-plugin-file.isChrome",
            "file": "plugins/cordova-plugin-file/www/browser/isChrome.js",
            "pluginId": "cordova-plugin-file",
            "runs": true
        },
        {
            "id": "cordova-plugin-file.androidFileSystem",
            "file": "plugins/cordova-plugin-file/www/android/FileSystem.js",
            "pluginId": "cordova-plugin-file",
            "merges": [
                "FileSystem"
            ]
        },
        {
            "id": "cordova-plugin-file.fileSystems-roots",
            "file": "plugins/cordova-plugin-file/www/fileSystems-roots.js",
            "pluginId": "cordova-plugin-file",
            "runs": true
        },
        {
            "id": "cordova-plugin-file.fileSystemPaths",
            "file": "plugins/cordova-plugin-file/www/fileSystemPaths.js",
            "pluginId": "cordova-plugin-file",
            "merges": [
                "cordova"
            ],
            "runs": true
        },
        {
            "id": "cordova-plugin-file-transfer.FileTransferError",
            "file": "plugins/cordova-plugin-file-transfer/www/FileTransferError.js",
            "pluginId": "cordova-plugin-file-transfer",
            "clobbers": [
                "window.FileTransferError"
            ]
        },
        {
            "id": "cordova-plugin-file-transfer.FileTransfer",
            "file": "plugins/cordova-plugin-file-transfer/www/FileTransfer.js",
            "pluginId": "cordova-plugin-file-transfer",
            "clobbers": [
                "window.FileTransfer"
            ]
        },
        {
            "id": "cordova-plugin-geolocation.geolocation",
            "file": "plugins/cordova-plugin-geolocation/www/android/geolocation.js",
            "pluginId": "cordova-plugin-geolocation",
            "clobbers": [
                "navigator.geolocation"
            ]
        },
        {
            "id": "cordova-plugin-geolocation.PositionError",
            "file": "plugins/cordova-plugin-geolocation/www/PositionError.js",
            "pluginId": "cordova-plugin-geolocation",
            "runs": true
        },
        {
            "id": "cordova-plugin-globalization.GlobalizationError",
            "file": "plugins/cordova-plugin-globalization/www/GlobalizationError.js",
            "pluginId": "cordova-plugin-globalization",
            "clobbers": [
                "window.GlobalizationError"
            ]
        },
        {
            "id": "cordova-plugin-globalization.globalization",
            "file": "plugins/cordova-plugin-globalization/www/globalization.js",
            "pluginId": "cordova-plugin-globalization",
            "clobbers": [
                "navigator.globalization"
            ]
        },
        {
            "id": "cordova-plugin-inappbrowser.inappbrowser",
            "file": "plugins/cordova-plugin-inappbrowser/www/inappbrowser.js",
            "pluginId": "cordova-plugin-inappbrowser",
            "clobbers": [
                "cordova.InAppBrowser.open",
                "window.open"
            ]
        }
    ],
    "plugin_metadata": {
        "cordova-plugin-battery-status": "1.1.2",
        "cordova-plugin-camera": "2.1.1",
        "cordova-plugin-console": "1.0.7",
        "cordova-plugin-contacts": "2.0.1",
        "cordova-plugin-device": "1.1.7",
        "cordova-plugin-device-motion": "1.2.5",
        "cordova-plugin-device-orientation": "1.0.7",
        "cordova-plugin-dialogs": "1.2.1",
        "cordova-plugin-file": "6.0.1",
        "cordova-plugin-file-transfer": "1.7.1",
        "cordova-plugin-geolocation": "2.1.0",
        "cordova-plugin-globalization": "1.0.9",
        "cordova-plugin-inappbrowser": "1.3.0"
    }
}